"id_lugar","id_municipio","id_categoria","nombre","direccion","distancia_al_centro"
1,2,1,Diverjungla,"Calle Segovia, 20 (Pol. Ind. Donada), 28864 Ajalvir Comunidad de Madrid",563.0
2,2,1,Parque Infantil,N/A,1724.0
3,2,1,Chiquitin,Ajalvir Madrid,333.0
4,4,1,Isla Perejil,"28607 El Alamo Comunidad de Madrid",118.0
5,4,1,Parque de Madera,N/A,582.0
6,5,1,Parque O'Donnell,"Calle de Luis de Astrana Marín, 8, 28807 Alcalá de Henares Comunidad de Madrid",593.0
7,5,1,Parque del Louisi,Alcalá de Henares Comunidad de Madrid,326.0
8,5,1,Parque Infantil,"28801 Alcalá de Henares Comunidad de Madrid",392.0
9,5,1,Parque Salvador de Madariaga,Alcalá de Henares Comunidad de Madrid,515.0
10,5,1,Parque de Sementales,"Ronda Fiscal, 28804 Alcalá de Henares Comunidad de Madrid",518.0
11,5,1,Parque del Camarmilla,"28806 Alcalá de Henares Comunidad de Madrid",1531.0
12,5,1,Parque Isla del Colegio,Alcalá de Henares Comunidad de Madrid,600.0
13,5,1,Ermita de San Isidro (Alcalá de Henares),"28805 Alcalá de Henares Comunidad de Madrid",711.0
14,5,1,Parque San Isidro,"28800 Alcalá de Henares Comunidad de Madrid",726.0
15,5,1,Parque el Silo,N/A,768.0
16,5,1,Parque de Sementales,Madrid,792.0
17,5,1,Parque de los Tubos,Alcalá de Henares Comunidad de Madrid,873.0
18,5,1,Parque del Medio,"28803 Alcalá de Henares Comunidad de Madrid",956.0
19,5,1,Parque de la Hera,N/A,967.0
20,5,1,Plaza de la Villa de Talence,"C/ Pablo De Olavide, 28804 Alcalá de Henares Comunidad de Madrid",998.0
21,5,1,Paseo de los Pinos,Alcalá de Henares Comunidad de Madrid,1008.0
22,5,1,Parque Tierno Galvan,Alcalá de Henares Comunidad de Madrid,1048.0
23,5,1,Parque junto a IES Antonio Machado,"C. Villalbilla, 28806 Alcalá de Henares Comunidad de Madrid",1166.0
24,5,1,La Cruz,Valencia,1214.0
25,5,1,Las Boyeras,Alcalá de Henares Comunidad de Madrid,1244.0
26,5,1,Area de Juegos Complutum,Alcalá de Henares Comunidad de Madrid,1272.0
27,5,1,Parque los Gatos,"C/ Alicante, 28804 Alcalá de Henares Comunidad de Madrid",1275.0
28,5,1,Parque de los Nogales,Nogales Comunidad de Madrid,1316.0
29,5,1,Plaza del Barro,Barro,1331.0
30,5,1,Parque junto a CEIP Antonio de Nebrija,"C/ San Ignacio de Loyola, 28806 Alcalá de Henares Comunidad de Madrid",1389.0
31,5,1,Parque de las farolas,N/A,1486.0
32,5,1,Parque Miguel de Unamuno,"Avenida de Miguel de Unamuno, 81, 28805 Alcalá de Henares Comunidad de Madrid",1535.0
33,5,1,Arboreto Reyes Católicos,Alcalá de Henares Comunidad de Madrid,1545.0
34,5,1,Parque Islas Filipinas,"Calle de Santander (Avenida Lope de Figueroa), 28804 Alcalá de Henares Comunidad de Madrid",1567.0
35,5,1,El Jardin del Parnaso,"C/ Bertolt Brecht, 28806 Alcalá de Henares Comunidad de Madrid",1642.0
36,5,1,Parque Infantil,N/A,1803.0
37,5,1,Parque junto a Parking,"C/ Luis Rosales, 28006 Alcalá de Henares Comunidad de Madrid",1810.0
38,5,1,El Mundo de Pik,"Carretera de Daganzo, Km 2, 28806 Alcalá de Henares Comunidad de Madrid",1817.0
39,5,1,Parque junto a IES Doctor Marañón,Marañón,1828.0
40,5,1,Parque de los Cerros,N/A,1867.0
41,5,1,Parque Andalucia,N/A,1880.0
42,5,1,Plaza de la Juventud,Alcalá de Henares Madrid,897.0
43,5,2,Monumento de Cervantes,"28801 Alcalá de Henares Comunidad de Madrid",66.0
44,5,2,Capilla del Oidor,"Plaza Cervantes, 0, 28801 Alcalá de Henares Comunidad de Madrid",99.0
45,5,2,Capilla de San Ildefonso,"Plaza de San Diego (Pedro Gumiel), 28801 Alcalá de Henares Comunidad de Madrid",120.0
46,5,2,Oratorio de San Felipe Neri,"Calle San Felipe Neri, 4, 28801 Alcalá de Henares Comunidad de Madrid",376.0
47,5,2,Catedral Magistral de Alcala de Henares,"Plaza de los Santos Niños, s/n, 28801 Alcalá de Henares Comunidad de Madrid",398.0
48,5,2,Estatua Quijote,Alcalá de Henares Comunidad de Madrid,496.0
49,5,2,Palacio Laredo,"Paseo de la Estacion, 10, 28807 Alcalá de Henares Comunidad de Madrid",668.0
50,5,2,Casa Consistorial de Alcalá de Henares,"Plaza de Cervantes, 12, 28801 Alcalá de Henares Madrid",12.0
51,5,2,Ludo y Sofía,"Calle Santa Úrsula, 7, 28801 Alcalá de Henares Madrid",123.0
52,5,2,Convento de la Imagen,"28801 Alcalá de Henares Madrid",264.0
53,5,2,Convento de San Juan de la Penitencia,"Calle Santiago, N, 3, 28801 Alcalá de Henares Madrid",356.0
54,5,2,Palacio Arzobispal de Alcalá de Henares,Alcalá de Henares Madrid,372.0
55,5,2,Convento del Corpus Christi,"28801 Alcalá de Henares Madrid",414.0
56,5,2,Murrallas de la Ciudad,Alcalá de Henares Madrid,1066.0
57,5,2,Centro Comercial Alcalá Atenea,Alcalá de Henares Madrid,1548.0
58,6,1,Parque Temático del Barco Pirata,Alcobendas Comunidad de Madrid,739.0
59,6,1,Jardín de la Vega,"Avenida Olímpica Con Una Superficie de 180.000, 28108 Alcobendas Comunidad de Madrid",555.0
60,6,1,Parque de Andalucía,"28100 Alcobendas Comunidad de Madrid",888.0
61,6,1,Parque Temático del Hormiguero,Alcobendas Comunidad de Madrid,1921.0
62,6,1,Parque de la Marina,"28703 San Sebastián de los Reyes Comunidad de Madrid",1747.0
63,6,1,Parque,"Calle de Ramón Esteban, 30, 28701 Alcobendas Comunidad de Madrid",379.0
64,6,1,Parque de la Artesanía,"Calle de Ramón Fernández Guisasola, 22, 28100 Alcobendas Comunidad de Madrid",112.0
65,6,1,Parque Victimas del Terrorismo,Comunidad de Madrid,397.0
66,6,1,Parque de Murcia,Alcobendas Comunidad de Madrid,454.0
67,6,1,Área Canina Parque Arroyo de la Vega,"Av. de la Ermita, 28100 Alcobendas Comunidad de Madrid",497.0
68,6,1,Área Canina Parque Víctimas del Terrorismo,"c/ Pintor Velázquez, 28100 Alcobendas Comunidad de Madrid",541.0
69,6,1,Parque Comunidad de Madrid,Comunidad de Madrid,591.0
70,6,1,Área Canina Parque Comunidad de Madrid,"c/ Jarama, 28100 Alcobendas Comunidad de Madrid",610.0
71,6,1,Parque de Valencia,"Avenida de España, s/n (c/ Bachiller Alonso López), 28100 Alcobendas Comunidad de Madrid",616.0
72,6,1,Parque Camilo Cienfuegos,"Jarama, Alcobendas Comunidad de Madrid",629.0
73,6,1,Área canina Parque Andalucía,"Pintor Murillo, 14, 28100 Alcobendas Comunidad de Madrid",729.0
74,6,1,Parque de la universidad,"28100 Alcobendas Comunidad de Madrid",766.0
75,6,1,Colorin,"Sacramento, 3, 28701 San Sebastián de los Reyes Comunidad de Madrid",789.0
76,6,1,Área Canina Parque de Navarra,"Calle Marqués de la Valdavia, 90, 28100 Alcobendas Comunidad de Madrid",965.0
77,6,1,Área Canina Parque Navarra,"Calle Marqués de la Valdavia, 90 (Av. de España), 28100 Alcobendas Comunidad de Madrid",969.0
78,6,1,Parque navarra,"28100 Alcobendas Comunidad de Madrid",977.0
79,6,1,Recinto Ferial Alcobendas,"Huelva, s/n (Parque de Andalucía), 28100 Alcobendas Comunidad de Madrid",997.0
80,6,1,Área Canina Parque Castilla la Mancha,"c/ Pintor Murillo, 28100 Alcobendas Comunidad de Madrid",1051.0
81,6,1,Parque de las Sombras,San Sebastián de los Reyes Comunidad de Madrid,1169.0
82,6,1,Parque de la Petunia,N/A,1186.0
83,6,1,Área Canina Parque Temático Hormiguero,"Av. Valdelaparra, 28100 Alcobendas Comunidad de Madrid",1225.0
84,6,1,Área Canina Polideportivo,"C. Teresa Perales, 28100 Alcobendas Comunidad de Madrid",1238.0
85,6,1,Parque Infantil,N/A,1320.0
86,6,1,Área Canina Av. Ramón y Cajal,"28700 San Sebastián de los Reyes Comunidad de Madrid",1407.0
87,6,1,Parque de Castilla-La Mancha,Comunidad de Madrid,1450.0
88,6,1,Parque Begonia Soto Moraleja,Moraleja Comunidad de Madrid,1451.0
89,6,1,Chafalladas,"Calle Marqués de la Valdavia, 101, 28100 Alcobendas Comunidad de Madrid",1561.0
90,6,1,Yonkis Park,N/A,1591.0
91,6,1,Club de Ajedrez V Centenario,San Sebastián de los Reyes Comunidad de Madrid,1592.0
92,6,1,Parque de Extremadura,Alcobendas Comunidad de Madrid,1610.0
93,6,1,Parque Infantil y Ping Pong,"Maestro Luna, s/n, 28100 Alcobendas Comunidad de Madrid",1615.0
94,6,1,Area de Ejercicios Para Mayores,N/A,1650.0
95,6,1,Cerro del Tambor,Cerro,1669.0
96,6,1,Parque del Zoco las Pirámides,Madrid,1684.0
97,6,1,La Marina,"Avenida Cataluña, 4 Bajo, 28703 San Sebastián de los Reyes Comunidad de Madrid",1684.0
98,6,1,Parque Av Valdelasfuentes,San Sebastián de los Reyes Comunidad de Madrid,1714.0
99,6,1,Área Canina Parque de Galicia,"c/ Camilo José Cela, 28100 Alcobendas Comunidad de Madrid",1718.0
100,6,1,Parque del Soto de la Moraleja,"28108 Alcobendas Comunidad de Madrid",1829.0
101,6,1,Área Canina Valdelasfuentes,"Carlos Muñoz Ruíz, 28100 Alcobendas Comunidad de Madrid",1845.0
102,6,1,Parque arroyo Valconejero,"Paseo Albacete, s/n, 28701 San Sebastián de los Reyes Comunidad de Madrid",1887.0
103,6,1,Parque Temático del Espacio,"Dolores Ibarruri, 28100 Alcobendas Comunidad de Madrid",1949.0
104,6,1,Parque Temático Poblado del Oeste,"28100 Alcobendas Comunidad de Madrid",1971.0
105,6,1,Parque de Félix Rodríguez de la Fuente,Alcobendas Madrid,497.0
106,6,1,Parque de las Cepas,Madrid,1348.0
107,6,1,Parque de la Marina,"28700  Madrid",1625.0
108,6,2,Parroquia de Nuestra Señora de la Moraleja,"Calle de Nardo, 44, 28108 Alcobendas Madrid",981.0
109,6,2,Monumento a los Reyes Católicos,"Calle de San Onofre, San Sebastián de los Reyes Madrid",1396.0
110,6,3,Digi24,"Calle de Anabel Segura, 14, Alcobendas Comunidad de Madrid",766.0
111,7,1,Parque Ciudad de Mayarí,"28922 Alcorcón Comunidad de Madrid",925.0
112,7,1,Parque de los Castillos,"C/ de los Lirios, Alcorcón Comunidad de Madrid",1857.0
113,7,1,La Ribota Park (Parque de La Ribota),Alcorcón Comunidad de Madrid,1100.0
114,7,1,Parque las Comunidades,"CL Pablo Iglesias, 28922 Alcorcón Comunidad de Madrid",719.0
115,7,1,Parque del Brasil,N/A,480.0
116,7,1,Parque San Petas,"Calle Cisneros, 28922 Alcorcón Comunidad de Madrid",583.0
117,7,1,Parque Buero Vallejo,"Los Robles, 28922 Alcorcón Comunidad de Madrid",782.0
118,7,1,Piko Park,"Calle Valladolid, 13, 28922 Alcorcón Comunidad de Madrid",848.0
119,7,1,Parque Infantil,"Calle Polvoranca, Alcorcón Comunidad de Madrid",852.0
120,7,1,Zona de Ocio Infantil C. C Tres Aguas,"Avenida Américas, 7 (C. C. Tres Aguas), Alcorcón Comunidad de Madrid",981.0
121,7,1,Parque Infantil Recinto Ferial,N/A,1047.0
122,7,1,Parque de la Escuela de Música,"Alcalde José Aranda, Alcorcón Comunidad de Madrid",1216.0
123,7,1,Parque de las Luces,N/A,1319.0
124,7,1,Parque de gama,Comunidad de Madrid,1374.0
125,7,1,Plaza de la Constitucion,N/A,1418.0
126,7,1,Parque de la República,Alcorcón Comunidad de Madrid,1460.0
127,7,1,Parque,Juan Ramón Jiménez,1499.0
128,7,1,Parque Alfredo Nobel,"28922 Alcorcón Comunidad de Madrid",1712.0
129,7,1,Parque Darwin,Alcorcón Comunidad de Madrid,1938.0
130,7,1,Parque de Urtinsa,Alcorcón Madrid,1528.0
131,7,1,Parque de la República,Alcorcón Madrid,1536.0
132,9,1,África Park,Algete Comunidad de Madrid,200.0
133,9,1,Parque de el Cigarral,Algete Comunidad de Madrid,265.0
134,9,1,Parque de los Olivos,"28110 Algete Comunidad de Madrid",462.0
135,9,1,Parque de las Fuentes,"28110 Algete Comunidad de Madrid",505.0
136,9,1,Estanque de Patos Cobeña,Cobeña,1744.0
137,10,1,Parque de las Columnas,Comunidad de Madrid,290.0
138,10,1,Parque de Juegos,"Carretera M-619 (En Frente De Caferería Feijoo), 28430 Alpedrete Comunidad de Madrid",622.0
139,10,1,Parque de Juegos,"Carretera M619 (En Frente De Cafetería Feijoo), 28430 Alpedrete Comunidad de Madrid",629.0
140,10,2,Estación de Alpedrete,Alpedrete,863.0
141,13,1,Parque Farnesio,Aranjuez Comunidad de Madrid,249.0
142,13,1,Parque Infantil Isabel de Farnesio,N/A,261.0
143,13,1,Parque Pavia,"Antigua carretera andalucia, 28300 Aranjuez Comunidad de Madrid",393.0
144,13,1,Fuente del Negro,Aranjuez Comunidad de Madrid,514.0
145,13,1,Parque Infantil,"28300 Aranjuez Comunidad de Madrid",701.0
146,13,1,Fuente del Reloj,Aranjuez Comunidad de Madrid,736.0
147,13,1,Parque Pozo de las Nieves,N/A,832.0
148,13,1,Parque Glorieta Nuevo Aranjuez,Aranjuez,911.0
149,13,1,Parque infantil,"28300 Aranjuez Comunidad de Madrid",1216.0
150,13,1,Estanque de los Chinescos,"28300 Aranjuez Comunidad de Madrid",1248.0
151,13,1,Urbanizacion los Jardines de Godoy,Aranjuez Comunidad de Madrid,1877.0
152,13,1,Pooh y Sus Amigos Aranjuez,"Calle San Fernando, 88, 28300 Aranjuez Madrid",702.0
153,13,1,Entre Duendes y Hadas,"Calle Santa Inés Nº 13, 28300 Aranjuez Madrid",1055.0
154,13,2,Casa de Caballeros y Oficios,"Plaza de San Antonio, 28300 Aranjuez Madrid",283.0
155,13,2,Antiguo Hospital de San Carlos,Aranjuez Madrid,433.0
156,13,2,Fuente de Hercules y Anteo,"28300 Aranjuez Madrid",457.0
157,13,2,Museo de las Faluas Reales,"Calle de la Reina, s/n, 28300 Aranjuez Madrid",553.0
158,14,1,Parque Mirador,"28500 Arganda del Rey Comunidad de Madrid",479.0
159,14,1,Recinto Ferial Arganda,Arganda del Rey Comunidad de Madrid,576.0
160,14,1,Parque de arganda,Comunidad de Madrid,627.0
161,14,1,Parque Goleta,N/A,757.0
162,14,1,Parque Adolfo Suárez,"28500 Arganda del Rey Comunidad de Madrid",832.0
163,14,1,Parque Infantil,N/A,1245.0
164,14,1,Parque infantil,Arganda del Rey Comunidad de Madrid,1567.0
165,14,1,Parque Natural las Lagunas,"Carretera Chinchón M-313, Km 1,8, 28500 Arganda del Rey Madrid",26.0
166,17,1,Plaza Arenal,Comunidad de Madrid,74.0
167,17,4,Castillo de Batres,"Crta. M-404, 28976 Batres Comunidad de Madrid",259.0
168,18,1,Parque,"28490 Becerril de la Sierra Comunidad de Madrid",703.0
169,18,1,Parque de la Tejera,"28490 Becerril de la Sierra Comunidad de Madrid",1950.0
170,22,1,Monte de Boadilla,"28223 Boadilla del Monte Comunidad de Madrid",1548.0
171,22,1,Diveruca,"Avenida del Generalísimo Nº 25, 28660 Boadilla del Monte Comunidad de Madrid",98.0
172,22,1,Parque Juan Pablo II,Boadilla del Monte Comunidad de Madrid,304.0
173,22,1,Parque de el Nacedero,"28660 Boadilla del Monte Comunidad de Madrid",352.0
174,22,1,Parque Boadilla Centro,N/A,434.0
175,22,1,Parque Santillana del Mar,"28660 Boadilla del Monte Comunidad de Madrid",524.0
176,22,1,Parque Palacio Boadilla,N/A,529.0
177,22,1,Parque la Alberca,Alberca,621.0
178,22,1,Parque Victoria Rubio,Rubio,1360.0
179,22,1,Parque Gregorio Marañón,"Gregorio Marañon, Boadilla del Monte Comunidad de Madrid",1380.0
180,22,1,Zona de Juegos Siglo XXI,N/A,1478.0
181,22,1,Parque Villa de Pons,Madrid Comunidad de Madrid,1480.0
182,22,1,Parque Severo Ochoa,"Severo Ochoa, 1, 28660 Boadilla del Monte Comunidad de Madrid",1480.0
183,22,1,Parque Alejandro de la Sota,N/A,1486.0
184,22,1,recinto canino Boadilla,N/A,1500.0
185,22,1,Parque (de Colores) Victimas del Terrorismo,"Calle Juan de la Cierva, Boadilla del Monte Comunidad de Madrid",1554.0
186,22,1,Parque Hermanos Machado,Comunidad de Madrid,1775.0
187,22,1,"Parque Jorge Manrique, Condesa de Chinchon","Jorge Manrique, Boadilla del Monte Comunidad de Madrid",1821.0
188,22,1,Parque Azorín,"Calle Jacinto Benavente, 28660 Boadilla del Monte Comunidad de Madrid",1849.0
189,22,1,Parque Infantil Miguel Hernandez,N/A,1939.0
190,22,1,Pereda Gestion,"Avenida Cantabria Ciudad Grupo Santander, s/n, 28660 Boadilla del Monte Madrid",1800.0
191,22,2,Palacio del Infante don Luis (Boadilla del Monte),"Avenida de Adolfo Suárez, s/n, 28660 Boadilla del Monte Comunidad de Madrid",68.0
192,22,3,"13 Tv","Calle de Francisco Tomas y Valiente, s/n, 28660 Boadilla del Monte Comunidad de Madrid",1809.0
193,23,1,Parque Municipal del Boalo,Boalo,1294.0
194,23,1,Parque la Ponderosa de la Sierra,N/A,1946.0
195,23,2,El Quinto Pino,Pino,1883.0
196,24,2,Ayuntamiento Braojos de la Sierra,Braojos Madrid,72.0
197,26,1,parque municipal de Brunete,N/A,109.0
198,26,1,Castilandia,"Calle Tahona, 3, 28690 Brunete Comunidad de Madrid",329.0
199,27,1,Parque de las Avenidas,"09006 Burgos Burgos",1780.0
200,27,2,Castillo de Buitrago de Lozoya,"Plaza del Castillo, s/n, 28730 Buitrago del Lozoya Comunidad de Madrid",112.0
201,27,2,Muralla de Buitrago del Lozoya,"Calle del Arco, 10, 28730 Buitrago del Lozoya Comunidad de Madrid",81.0
202,27,2,Embalse de Riosequillo,Lozoya Madrid,1920.0
203,28,1,Parque de arriba,"Calle De La Cerca, Bustarviejo",196.0
204,29,1,Paint Ball Cabanillas,Cabanillas,886.0
205,29,2,Iglesia Parroquial de San Juan Bautista,Cabanillas de la Sierra Madrid,138.0
206,31,1,Parque Arroyo Fresno,"Arroyo Fresno, 13, Madrid Comunidad de Madrid",400.0
207,31,1,Alba - Asociación Para la Liberación y el Bienestar Animal,"Camino del Carral, 32, 28816 Camarma de Esteruelas Comunidad de Madrid",1864.0
208,37,1,La Titiriteka,"Calle de los Registros, 21, 28470 Cercedilla Comunidad de Madrid",94.0
209,37,1,Parque PradoLuengo,PradoLuengo,649.0
210,37,2,Centro Hípico los Ciruelos,"Camino de los Ciruelos, 22, 28470 Cercedilla Comunidad de Madrid",841.0
211,37,2,Museo del Esquí,"Plaza Mayor, 3, 28470 Cercedilla Madrid",24.0
212,37,2,Miradores de los poetas,Cercedilla Madrid,112.0
213,39,2,Palacio de la Sagra,"Calle de Prudencio Melo, s/n, 28694 Chapinería Madrid",186.0
214,40,1,Parque Valquejigoso,Chinchón Comunidad de Madrid,707.0
215,40,2,Castillo de Chinchón,"28370 Chinchón Comunidad de Madrid",522.0
216,40,2,El Pilón de Chinchón,"28370 Chinchón Comunidad de Madrid",103.0
217,40,2,Plaza de toros de chinchon,"Calle Plaza Mayor, s/n, Chinchón Madrid",92.0
218,40,2,Casa de la Cadena,"28370 Chinchón Madrid",163.0
219,41,1,Plaza Fuerzas Armadas,N/A,441.0
220,41,1,Recinto de perros,N/A,714.0
298,53,2,Estación de el Escorial,"28280 El Escorial Madrid",1333.0
221,41,1,Parque Camino de Olimpia,"Camino de Olimpia, s/n, Ciempozuelos Comunidad de Madrid",1095.0
222,42,1,Parque el Matadero,Cobeña Comunidad de Madrid,170.0
223,42,1,Parque Pijos,"28863 Cobeña Comunidad de Madrid",617.0
224,42,1,Estanque de Patos Cobeña,Cobeña,1502.0
225,43,1,Parque de Collado Mediano,Comunidad de Madrid,548.0
226,43,1,Parque de la Tejera,"28490 Becerril de la Sierra Comunidad de Madrid",1924.0
227,44,1,Parque Torre el Raso,"28400 Collado Villalba Comunidad de Madrid",210.0
228,44,1,Parque Peñalba,"28400 Collado Villalba Comunidad de Madrid",357.0
229,44,1,Parque Infantil la Dehesa I,"28400 Collado Villalba Comunidad de Madrid",911.0
230,44,1,Parque Infantil la Dehesa II,"28400 Collado Villalba Comunidad de Madrid",1098.0
231,44,1,Parque de las Heras,Madrid,1152.0
232,44,1,El Parque de Lolo,N/A,1189.0
233,44,1,Parque Pinar de las Heras,N/A,1212.0
234,44,1,Parque de los Aromas,Collado Villalba Comunidad de Madrid,1635.0
235,44,1,Parque Infantil los Belgas,"28400 Collado Villalba Comunidad de Madrid",1828.0
236,44,1,Parque de los peces,N/A,1904.0
237,44,1,Conservas Artesanas Rosara,"Calle Real, 32, 28400 Collado Villalba Comunidad de Madrid",1915.0
238,44,1,Parque del Ambulatorio,Collado Villalba Comunidad de Madrid,1954.0
239,44,1,Parque de las Bombas,Collado Villalba Comunidad de Madrid,1963.0
240,46,1,Fuente de los Huertos,Colmenar de Oreja Comunidad de Madrid,666.0
241,47,1,Parque Municipal las Quirogas,N/A,263.0
242,47,1,Parque del tiro,"Calle Cañada de las Merinas, s/n, 28270 Colmenarejo Comunidad de Madrid",286.0
243,47,1,Parque del Huevo,"C/ Cañada de las Merinas, 28270 Colmenarejo Comunidad de Madrid",286.0
244,47,1,Fuente de colorines,N/A,1373.0
245,48,1,Parque Infantil Maestro Almeida,"28770 Colmenar Comunidad de Madrid",294.0
246,48,1,Parque de la Estrella,"28770 Colmenar Viejo Comunidad de Madrid",323.0
247,48,1,Parque Sebastian Esteban Junquer,Colmenar Viejo Comunidad de Madrid,331.0
248,48,1,Parque Alcalde Cosme Jerez,"Calle del Tío Sandalio (btw Calle de los Tintes & Calle de la Magdalena), Colmenar Viejo Comunidad de Madrid",446.0
249,48,1,Parque Hierbabuena,"28770 Colmenar Viejo Comunidad de Madrid",502.0
250,48,1,Bosque de Almendros,"28770 Colmenar Viejo Comunidad de Madrid",600.0
251,48,1,Parque del Moncayo,"28770 Colmenar Viejo Comunidad de Madrid",647.0
252,48,1,Parque Agility,"28770 Colmenar Viejo Comunidad de Madrid",701.0
253,48,1,Parque Félix Rodríguez de la Fuente,N/A,918.0
254,48,1,La Alameda,Alameda,974.0
255,48,1,Parque de San Andrés,"28770  Comunidad de Madrid",1046.0
256,48,1,Parque de el Mirador,"28770 Colmenar Viejo Comunidad de Madrid",1070.0
257,48,1,El Vivero,"28770 Vivero Comunidad de Madrid",1505.0
258,48,1,Longboard,N/A,1516.0
259,48,1,Angel Leon Park,"28770 Colmenar Viejo Comunidad de Madrid",1645.0
260,48,1,Parque Infantil,N/A,1711.0
261,48,1,Parque Museo Ciclópeo,Colmenar Viejo Comunidad de Madrid,1726.0
262,48,1,Parque de la Fuente Santa,Almería Almería,1858.0
263,50,1,Parque de Carlos Marx,"Calle de Miguel Hernández, 28822 Coslada Comunidad de Madrid",70.0
264,50,1,Parque de las Casitas,"28822 Coslada Comunidad de Madrid",323.0
265,50,1,Saltilandia,"Avenida España, 23, 28821 Coslada Comunidad de Madrid",613.0
266,50,1,Parque de el Cerro,"28822 Coslada Comunidad de Madrid",672.0
267,50,1,Parque la Rambla,La Rambla,702.0
268,50,1,El Parque,"Calle  de José Martí, 28822 Coslada Comunidad de Madrid",725.0
269,50,1,Parque Infantil -Recinto Ferial,"28821 Coslada Comunidad de Madrid",747.0
270,50,1,Recinto Ferial,Coslada Madrid,750.0
271,50,1,Parque Pellas,"Calle Bucarest, 28822 Coslada Comunidad de Madrid",956.0
272,50,1,Parque Salvador Allende,"C/ Colombia, 28823 Coslada Comunidad de Madrid",970.0
273,50,1,Parque Av. de España,Comunidad de Madrid,1041.0
274,50,1,Parque Pablo Neruda,N/A,1662.0
275,50,1,Plaza de España,San Fernando de Henares Comunidad de Madrid,1802.0
276,51,1,Parque de la Malata,"28978 Cubas Comunidad de Madrid",547.0
277,51,1,Parque San Isidro,Cubas de la Sagra Comunidad de Madrid,813.0
278,51,1,Parque las Pérgolas,Cubas de la Sagra Comunidad de Madrid,1176.0
279,52,1,Parque del Globo,"Calle Cuesta Lengua, 34, 28814 Daganzo de Arriba Comunidad de Madrid",362.0
280,52,1,Parque 11 de Marzo,"28814 Daganzo de Arriba Comunidad de Madrid",370.0
281,52,1,Parque Infantil,N/A,602.0
282,52,1,Parque forestal María Marzol,"28814 Daganzo de Arriba Comunidad de Madrid",1908.0
283,53,1,Parque de la Herreria,El Escorial Comunidad de Madrid,613.0
284,53,1,Arboleda Calzada Lonja Monasterio de el Escorial,"28200 El Escorial Comunidad de Madrid",198.0
285,53,1,Parque de Adolfo Suárez,"Paseo de los Alamillos, 28200 El Escorial Comunidad de Madrid",288.0
286,53,1,Parque de Felipe II,"calle Infantes, 28200 El Escorial Comunidad de Madrid",360.0
287,53,1,Plaza Juan de Herrera,"28200 El Escorial Comunidad de Madrid",370.0
288,53,1,Parque la Ladera,El Escorial Comunidad de Madrid,396.0
289,53,1,Parque de los Romeros,"28200 El Escorial Comunidad de Madrid",565.0
290,53,1,Manguilla,N/A,1426.0
291,53,1,Parque de los Columpios,"28280 El Escorial Comunidad de Madrid",1483.0
292,53,1,Los Jardincillos,El Escorial Comunidad de Madrid,1599.0
293,53,1,Los Romeros,N/A,575.0
294,53,2,Casita del Infante,"Carretera Robledo, s/n, 28200 El Escorial Comunidad de Madrid",988.0
295,53,2,Ermita de la Virgen de Gracia,"28200 El Escorial Comunidad de Madrid",1568.0
296,53,2,Monasterio de el Escorial,"San Lorenzo de el Escorial, San Lorenzo de el Escorial, 28200 San Lorenzo de El Escorial Madrid",37.0
297,53,2,Jardín de los Frailes,"28200 San Lorenzo de el Escorial Madrid",562.0
299,57,1,Parque de la Solidaridad,"28942 Fuenlabrada Comunidad de Madrid",1594.0
300,57,1,Parque Infantil,"Calle de Doctor Miguel Aguado, 28944 Fuenlabrada Comunidad de Madrid",259.0
301,57,1,Moruzosland,N/A,470.0
302,57,1,Parque del Olivar,Olivar,482.0
303,57,1,Parque de los Estados,"Avenida de los Estados, 12, 28945 Fuenlabrada Comunidad de Madrid",548.0
304,57,1,Parque de Perros,"28945 Fuenlabrada Comunidad de Madrid",552.0
305,57,1,Parque Infantil,"28944 Fuenlabrada Comunidad de Madrid",605.0
306,57,1,Parque de Leganés,"Calle de Leganés, 31, 28945 Fuenlabrada Comunidad de Madrid",630.0
307,57,1,Parque de la urbanización,"Calle Noria, 28944 Fuenlabrada Comunidad de Madrid",645.0
308,57,1,Bulevar Primero de Mayo,N/A,654.0
309,57,1,ParQue de las R£g!OneS,"28941 Fuenlabrada Comunidad de Madrid",674.0
310,57,1,Plaza de el Molino,"Calle de Italia, 15-17 (Avenida de las naciones 33), 28943 Fuenlabrada Comunidad de Madrid",947.0
311,57,1,Parque Europa,"Avenida de las Naciones, Fuenlabrada Comunidad de Madrid",1053.0
312,57,1,Parque de Valdeserrano,N/A,1337.0
313,57,1,Parque lineal la Serna,Fuenlabrada Comunidad de Madrid,1356.0
314,57,1,Parque de la Olla,Fuenlabrada Comunidad de Madrid,1387.0
315,57,1,Parque de Tebas,Humanes de Madrid Comunidad de Madrid,1658.0
316,57,1,El arenero,N/A,1692.0
317,57,1,Parque de la Paz,"Calle Gijón 2-8, 28942 Fuenlabrada Comunidad de Madrid",1955.0
318,57,1,Campos Municipales de Petanca,Fuenlabrada Madrid,850.0
319,58,1,Parque de la Igualdad,"Avenida Julián Sanchez, Madrid Comunidad de Madrid",169.0
320,58,1,Pececitos al Agua,"28140 Fuente El Saz de Jarama Comunidad de Madrid",238.0
321,58,1,Parque Madroños 3,"28140 Fuente El Saz de Jarama Comunidad de Madrid",450.0
322,58,1,Tu Castillo,"Calle Almendralejos, 53 Bajo, 28140 Fuente El Saz de Jarama Comunidad de Madrid",651.0
323,58,3,Cocinas de MasterChef,"Vereda Cantarranas, 5, Madrid Comunidad de Madrid",977.0
324,60,1,Parque Infantil,"28260 Galapagar Comunidad de Madrid",104.0
325,63,1,Parque de las Avenidas,"09006 Burgos Burgos",1089.0
326,64,1,Parque de la Alhóndiga,"28905 Getafe Comunidad de Madrid",913.0
327,64,1,Parque los Escolapios,Comunidad de Madrid,184.0
328,64,1,Parque infantil Pocoyo,Getafe Comunidad de Madrid,245.0
329,64,1,Plaza del Matadero,Getafe Comunidad de Madrid,545.0
330,64,1,Plaza Heredia,Comunidad de Madrid,713.0
331,64,1,Parque el Greco,"Calle de el Greco, 6, 28904 Getafe Comunidad de Madrid",727.0
332,64,1,Parque Infantil Paseo de la Estación,Getafe Comunidad de Madrid,892.0
333,64,1,Parque Lineal Universidad Carlos III,N/A,1359.0
334,64,1,Parque Infantíl Aviocar,N/A,1569.0
335,64,1,Columpios el Bercial,"28907 Getafe Comunidad de Madrid",1638.0
336,64,1,Paseo brabusete,N/A,1713.0
337,64,1,Parque de Castilla-La Mancha,"Av. Don Juan de Borbón, 28903 Getafe Comunidad de Madrid",1809.0
338,64,1,Parque Mafalda,"28905 Getafe Comunidad de Madrid",1857.0
339,65,1,Club Agility ESLON,Serranillos del Valle Comunidad de Madrid,1442.0
340,65,1,Parque las Pérgolas,Cubas de la Sagra Comunidad de Madrid,1949.0
341,66,1,El Encinar,"Calle Ildefonso, 20, Salamanca Salamanca",531.0
342,67,1,El Parque,Comunidad de Madrid,13.0
343,67,1,Parque del Ayuntamiento Guadarrama,"28440 Guadarrama Comunidad de Madrid",25.0
344,67,1,Ludobichos,"Reyes Católicos, 3, 28440 Guadarrama Comunidad de Madrid",188.0
345,67,1,Parque la Dehesa,"28440 Guadarrama Comunidad de Madrid",659.0
346,67,1,Parque del dragón,Guadarrama Comunidad de Madrid,711.0
347,67,1,Galpark Iberica,"Polígono Industrial la Mata, 48, 28440 Guadarrama Madrid",169.0
348,67,1,Ludo Bichos,"Calle Reyes Católicos, 3, Madrid",188.0
349,71,1,Parque Alcantara,Hoyo de Manzanares Comunidad de Madrid,67.0
350,71,1,La cabilda,N/A,1069.0
351,72,1,Parque de la Rana,N/A,110.0
352,72,1,Parque Hnos,"28970 Humanes de Madrid Comunidad de Madrid",738.0
353,72,1,Parque Tebas,N/A,965.0
354,72,1,Prado de la Casa,Humanes de Madrid Comunidad de Madrid,1629.0
355,73,1,Parque 2 de mayo,N/A,578.0
356,77,5,Zapruder Pictures,"Calle Hortaleza, 25, 28004 Madrid Comunidad de Madrid",654.0
357,77,5,Hotmart,"Gran Vía, 69, 28013 Madrid Comunidad de Madrid",895.0
358,77,5,The Blondes Pool,"Calle Juan Alvarez Mendizabal, 79, 28008 Madrid Comunidad de Madrid",2002.0
359,77,6,Palacio de Santoña,"Calle Huertas, 13 (Huertas 13), 28012 Madrid Comunidad de Madrid",407.0
360,77,1,Jardines de las Vistillas,"Plaza de Gabriel Miró s/n, 28005 Madrid Comunidad de Madrid",1039.0
361,77,1,Parque de la Montaña,"Paseo del Pintor Rosales, 2, 28008 Madrid Comunidad de Madrid",1411.0
362,77,1,Parque del Retiro,"Plaza de la Independencia, 7 (C. Alcalá), 28001 Madrid Comunidad de Madrid",1878.0
363,77,1,Jardines de la Virgen del Puerto,"Paseo de la Virgen del Puerto, 28011 Madrid Comunidad de Madrid",1518.0
364,77,1,Jardines de el Buen Retiro,Madrid Comunidad de Madrid,1381.0
365,77,1,Puerta de Murillo de los Jardines del Buen Retiro,Madrid Comunidad de Madrid,1339.0
366,77,1,Parque de Madrid,Madrid Comunidad de Madrid,1261.0
367,77,1,Puerta de Madrid de los Jardines del Buen Retiro,Madrid Comunidad de Madrid,1892.0
368,77,1,Parque de Atenas,"28005 Madrid Comunidad de Madrid",1310.0
369,77,1,Plaza de la Independencia (Madrid),"Plaza de la Independencia, s/n, 28014 Madrid Comunidad de Madrid",1306.0
370,77,1,Plaza del Conde del Valle de Suchil,"Pza. del Conde del Valle de Suchil, 3, 28015 Madrid Comunidad de Madrid",1615.0
371,77,1,Parque de la Cornisa,"28005 Madrid Comunidad de Madrid",1250.0
372,77,1,Parque Villa de Paris,"C. Orellana, Madrid Comunidad de Madrid",1399.0
373,77,1,Parque de Perros,N/A,1532.0
374,77,1,Parque Puente del Rey,"Calle, 30, 28011 Madrid Comunidad de Madrid",1602.0
375,77,1,Hotel indignado,N/A,155.0
376,77,1,Parque infantil Plaza Santa Ana,Madrid Comunidad de Madrid,309.0
377,77,1,Parque Casino de la Reina,"Calle Embajadores, 68, 28012 Madrid Comunidad de Madrid",1197.0
378,77,1,Clue Hunter Madrid,"Calle Juanelo, 13, 28012 Madrid Comunidad de Madrid",641.0
379,77,1,Parque Infantil Vazquez de Mella,Madrid Comunidad de Madrid,650.0
380,77,1,Jardines de Lepanto,"C/ Lepanto, 28013 Madrid Comunidad de Madrid",755.0
381,77,1,Parque infantil Paseo del Prado,"Pase del Prado, 8 (Zona Central), 28014 Madrid Comunidad de Madrid",810.0
382,77,1,Parque del Emir Mohamed I,"& Calle de Segovia, 28005 Madrid Comunidad de Madrid",973.0
383,77,1,Parque Infantil Plaza Joan Pujol,N/A,979.0
384,77,1,Parl,Madrid Comunidad de Madrid,1002.0
385,77,1,Jardin de America,"28001 Madrid Comunidad de Madrid",1032.0
386,77,1,Parque Cuesta de la Vega,Madrid Comunidad de Madrid,1032.0
387,77,1,Parque Infantil del Casino,N/A,1053.0
388,77,1,Parque de Peñuelas,"28005 Madrid Comunidad de Madrid",1841.0
389,77,1,Columpios Retiro,N/A,1253.0
390,77,1,Área de Juegos Infantiles,N/A,1283.0
391,77,1,Parque Infantil el Fuerte de Madera,Madrid Comunidad de Madrid,1322.0
392,77,1,El Sitio de los Gatos,N/A,1338.0
393,77,1,Ahuehuete,Madrid Comunidad de Madrid,1356.0
394,77,1,Paseo de las Estatuas,Madrid Comunidad de Madrid,1365.0
395,77,1,Parque de Conde Duque,N/A,1417.0
396,77,1,Paseo de Mexico,Madrid Comunidad de Madrid,1476.0
397,77,1,Parque Infantil Acacias,Madrid Comunidad de Madrid,1493.0
398,77,1,Puerta de Hernani de los Jardines del Buen Retiro,Madrid Comunidad de Madrid,1522.0
399,77,1,Puerta de Hernani,Madrid Comunidad de Madrid,1539.0
400,77,1,Parque Villoslada,"Muñopedro, 28005 Madrid Comunidad de Madrid",1543.0
401,77,1,Centro Infantil Nariz Roja,"Juan Álvarez Mendizábal, 44, 28008 Madrid Comunidad de Madrid",1553.0
402,77,1,Erizo Castizo,N/A,1557.0
403,77,1,Mundo Alopeke,"28014 Madrid Madrid",1578.0
404,77,1,Just Run,N/A,1599.0
405,77,1,Parque infantil san Isidoro de Sevilla,"San Isidoro de Sevilla, 28005 Madrid Comunidad de Madrid",1604.0
406,77,1,Parque,Madrid Comunidad de Madrid,1618.0
407,77,1,De Duendes,Madrid Madrid,1642.0
408,77,1,Columpios,"Calle de Fuencarral, 140, Madrid Comunidad de Madrid",1668.0
409,77,1,Parque Infantil,"Calle de Fuencarral, 150, 28010 Madrid Comunidad de Madrid",1779.0
410,77,2,Statue of the Bear and the Strawberry Tree (Estatua del Oso y el Madroño),"C. de Alcalá, 28013 Madrid Comunidad de Madrid",86.0
411,77,2,Círculo de Bellas Artes,"Calle Alcalá, 42, 28014 Madrid Comunidad de Madrid",623.0
412,77,2,Kilometer 0 (Kilómetro 0),"28013 Madrid Comunidad de Madrid",24.0
413,77,2,Plaza de las Cortes,"Plaza de las Cortes 4 Izquierda, 28014 Madrid Comunidad de Madrid",664.0
414,77,2,Fuente de Cibeles (Fuente de La Cibeles),"Plaza de la Cibeles, s/n, 28014 Madrid Comunidad de Madrid",935.0
415,77,2,Puerta de Toledo,"28005 Madrid Comunidad de Madrid",1357.0
416,77,2,Monumento a Cervantes,"28013 Madrid Comunidad de Madrid",1051.0
417,77,2,Viaducto de Segovia,"Calle Segovia, 21, 28005 Madrid Comunidad de Madrid",893.0
418,77,2,Fuente de Apolo (Madrid),Madrid Comunidad de Madrid,819.0
419,77,2,Cuartel del Conde-Duque,"Calle del Conde Duque, 11, 28015 Madrid Comunidad de Madrid",1325.0
420,77,2,Palacio de Cristal del Retiro,"P. de Julio Romero de Torres, s/n (P. de Julio Romero de Torres, s/n), Madrid Comunidad de Madrid",1873.0
421,77,2,Monumento a Alfonso XII de España,"Parque del Retiro, 28009 Madrid Comunidad de Madrid",1738.0
422,77,2,Monumento del Dos de Mayo,"Paseo del Prado y Precisamente en el Mismo Lugar en el Que el, 2, Madrid Comunidad de Madrid",877.0
423,77,2,Bolsa de Madrid,"Plaza de la Lealtad, 1 (Paseo del Prado), 28014 Madrid Comunidad de Madrid",966.0
424,77,2,Bosque del Recuerdo,"El Bosque del Recuerdo Es Un Monumento Homenaje a las, 191 (Parque del Retiro), 28009 Madrid Comunidad de Madrid",1483.0
425,77,2,Monumento del Ángel Caído,"28009 Madrid Comunidad de Madrid",1888.0
426,77,2,Congreso de los Diputados,"Calle Floridablanca, s/n (Pl. de las Cortes), 28014 Madrid Comunidad de Madrid",541.0
427,77,2,Puerta del Angel Caido,"28001 Madrid Comunidad de Madrid",1485.0
428,77,2,Puerta de San Vicente,"28008 Madrid Comunidad de Madrid",1474.0
429,77,2,Estatua de Carlos III,Madrid Comunidad de Madrid,32.0
430,77,2,Palacio de Liria,"Calle Princesa, 20, 28008 Madrid Comunidad de Madrid",1431.0
431,77,2,Monumento a Cristobal Colón,"P. de la Castellana, 4, 28046 Madrid Comunidad de Madrid",1452.0
432,77,2,Estatua de Felipe IV,"28013 Madrid Comunidad de Madrid",746.0
433,77,2,Placa Fundación del Atlético de Madrid,"28012 Madrid Comunidad de Madrid",203.0
434,77,2,Palacio de Santa Cruz (Madrid),"Plaza de la Provincia, 1, 28012 Madrid Comunidad de Madrid",304.0
435,77,2,Monumento Calderón de la Barca,"Plaza de Santa Ana, Madrid Comunidad de Madrid",312.0
436,77,2,La Reina Dana Isabel II,"28012 Madrid Comunidad de Madrid",357.0
437,77,2,Casa de Cervantes (Madrid),"Calle Cervantes, 2, 28014 Madrid Comunidad de Madrid",496.0
438,77,2,Palacio y Torre de los Lujanes,Comunidad de Madrid,580.0
439,77,2,Monumento a los Abogados de Atocha,"28014 Madrid Comunidad de Madrid",608.0
440,77,2,Casa Cisneros,"Plaza de la Villa, 4, 28005 Madrid Comunidad de Madrid",617.0
441,77,2,Casa de la Villa de Madrid,"Plaza de la Villa, 5, 28005 Madrid Comunidad de Madrid",623.0
442,77,2,Casa de las Siete Chimeneas,"Plaza del Rey, 1, 28004 Madrid Comunidad de Madrid",719.0
443,77,2,The Curious Neighbor,"28013 Madrid Comunidad de Madrid",800.0
444,77,2,Monumento a Larra,Madrid Comunidad de Madrid,813.0
445,77,2,La Casa de la Brujita,Madrid Comunidad de Madrid,837.0
446,77,2,Republican Lamp Post,"28013 Madrid Comunidad de Madrid",839.0
447,77,2,Muralla Árabe,"Cuesta de la Vega, s/n, 28005 Madrid Comunidad de Madrid",936.0
448,77,2,Estatua de Velasquez,"28014 Madrid Comunidad de Madrid",987.0
449,77,2,Agustinas Recoletas Molasterio de Santa Isabel,"Calle Santa Isabel, 48, 28012 Madrid Comunidad de Madrid",1021.0
450,77,2,Rae,N/A,1037.0
451,77,2,Palacio Longoria,"Calle de Fernando VI, 4, 28004 Madrid Comunidad de Madrid",1130.0
452,77,2,Puerta de Felipe IV,Madrid Comunidad de Madrid,1268.0
453,77,2,Monumento homenaje a las víctimas del 11-M,"28005 Madrid Comunidad de Madrid",1649.0
454,77,2,Torres de Colón,"Calle de Genova, 2 (C. Génova, 27), 28004 Madrid Comunidad de Madrid",1456.0
455,77,2,Real Parque del Buen Retiro,"Alfonso XII, s/n, 28014 Madrid Comunidad de Madrid",1603.0
456,77,2,Monumento a Santiago Ramón y Cajal,Madrid Comunidad de Madrid,1883.0
457,77,2,Antiguas Escuelas Aguirre,"Calle de Alcalá, 62, 28009 Madrid Comunidad de Madrid",1924.0
458,77,2,Estación de Sol,Madrid Madrid,32.0
459,77,2,Cartel de Tio Pepe,"28005 Madrid Madrid",32.0
460,77,7,Fuente de Neptuno,"Calle Marques de Cubas, 18, 28014 Madrid Comunidad de Madrid",820.0
461,77,7,Fuente de los Galápagos,Madrid Comunidad de Madrid,1544.0
462,77,7,Fuente de la Alcachofa,"28012 Madrid Comunidad de Madrid",1651.0
463,77,8,Puente de Segovia,"Calle Segovia, 0, 28005 Madrid Comunidad de Madrid",481.0
464,77,8,Viaducto,"Calle Moreria, 11, 28005 Madrid Comunidad de Madrid",927.0
465,77,8,Puente del Rey,Madrid Comunidad de Madrid,1587.0
466,77,8,Pasarela Casa de Campo,"Calle Aniceto Marinas, 24 (Casa de Campo), 28008 Madrid Comunidad de Madrid",1738.0
467,77,8,Puente de San Isidro,"Av. del Manzanares, Madrid Comunidad de Madrid",1891.0
468,77,8,Presa nº4,"Calle Ribera del Manzanares, 31, 28008 Madrid Comunidad de Madrid",1958.0
469,77,9,Playas de Rodalquilar,"Calle Marques de la Ensenada Numero, 16, Madrid Madrid",1365.0
470,77,3,Non Stop People,"Calle Gran Vía, 1, 28013 Madrid Comunidad de Madrid",551.0
471,77,3,Antena 3 de Television,"Plaza Marina Española, 8, 28013 Madrid Comunidad de Madrid",840.0
472,77,3,Paramount Comedy Channel España,"Recoletos, 33, 28004 Madrid Comunidad de Madrid",1286.0
473,77,3,Tinku,"Ronda de Segovia, 2G, 28005 Madrid Comunidad de Madrid",1301.0
474,77,3,Bloomberg,"Paseo Castellana, 9, 28046 Madrid Comunidad de Madrid",1625.0
475,77,3,Canal Plus,"Gran Vía, 32, 28013 Madrid Madrid",403.0
476,77,3,Digital,"Gran Vía, 32, 28013 Madrid Madrid",403.0
477,77,3,Mtv España,"Serrano, 43-45, 28001 Madrid Madrid",1928.0
478,78,1,Parque Colón,"Plaza Colón, s/n, 28220 Majadahonda Comunidad de Madrid",568.0
479,78,1,Plaza de la Constitución,Majadahonda Comunidad de Madrid,204.0
480,78,1,Parque de la Constitución,N/A,370.0
481,78,1,Estrella de la muerte,Estrella,414.0
482,78,1,Parque de la rueda,Majadahonda Comunidad de Madrid,541.0
483,78,1,Parque de la Laguna,"28220 Majadahonda Comunidad de Madrid",578.0
484,78,1,Parque del Cerro del Aire,"Avda. de España, 28220 Majadahonda Comunidad de Madrid",769.0
485,78,1,Parque,Majadahonda Comunidad de Madrid,776.0
486,78,1,Parque del Arcipreste,"28220 Majadahonda Comunidad de Madrid",886.0
487,78,1,Parque de Peco,"av. paralela, Madrid Comunidad de Madrid",1017.0
488,78,1,Parque del boniato,N/A,1025.0
489,78,1,Parque Granja del Conde,Majadahonda Comunidad de Madrid,1085.0
490,78,1,Descampado Perros,N/A,1125.0
491,78,1,Area Infantil,Las Rozas Comunidad de Madrid,1162.0
492,78,1,Parque de Bruselas,"28200 Majadahonda Comunidad de Madrid",1296.0
493,78,1,Parque de Lisboa,"Calle Comunidad de Baleares, 1-7, 28231 Las Rozas Comunidad de Madrid",1585.0
494,78,1,Parque Piscis,"28231 Las Rozas Comunidad de Madrid",1616.0
495,78,1,Parque Navaluenga,"Rodas, 28220 Majadahonda Comunidad de Madrid",1673.0
496,78,1,Parque Nuevo,N/A,1710.0
497,78,1,Jugalia,Majadahonda Comunidad de Madrid,1731.0
498,78,1,Descampado,"Calle Sonora (Calle Palenque), 28231 Las Rozas Comunidad de Madrid",1761.0
499,78,1,Parque infantil P.Paris,N/A,1925.0
500,78,1,Parque de Dublín,"28231 Las Rozas Comunidad de Madrid",1954.0
501,78,2,Academia de Teatro Noroeste,"Calle Santa Ana, 20, 28220 Majadahonda Comunidad de Madrid",209.0
502,78,9,El Teson de Figueras,Madrid,1778.0
503,78,3,Ciencias Médicas Producciones,"Calle Vid, 1, 28220 Majadahonda Comunidad de Madrid",333.0
504,78,3,Canal Rural Television,"Calle Santa Brigida, 1, 28220 Majadahonda Madrid",548.0
505,79,1,Parque Infantil del Castillo de Manzanares,"Calle del Cura, s/n (Avenida de Madrid), 28410 Manzanares el Real Comunidad de Madrid",102.0
506,79,4,Castillo de Manzanares el Real,"28410 Manzanares el Real Comunidad de Madrid",251.0
507,80,1,Parque del Lago,N/A,925.0
508,81,1,Parque Norte,Mesas,419.0
509,82,2,Gruta de Nuestra Señora de Begoña,"Calle de la Virgen de Begoña, s/n, 28792 Miraflores de la Sierra Comunidad de Madrid",843.0
510,82,2,Sociedad Cooperativa Limitada el Encinar de Miraflores,"Pza. de España, 1, Miraflores de la Sierra Madrid",5.0
511,82,2,Monumento al Perrero,"28792 Miraflores de la Sierra Madrid",126.0
512,86,1,La carreterita,"Bellas Vistas, 28411 Moralzarzal Comunidad de Madrid",104.0
513,86,1,Parque de la Tejera,"28411 Moralzarzal Comunidad de Madrid",465.0
514,88,1,Parque Liana,"Avenida de Portugal, Nº 1, 28931 Móstoles Comunidad de Madrid",975.0
515,88,1,Parque Zarauz,"28931 Móstoles Comunidad de Madrid",217.0
516,88,1,El Hoyo,"Calle Badajoz, 2, 28931 Móstoles Comunidad de Madrid",362.0
517,88,1,Parque Cataluña,"valladolid, 28938 Móstoles Comunidad de Madrid",603.0
518,88,1,Parque Plaza Valencia,Comunidad de Madrid,633.0
519,88,1,Pipican Parque San Luis,N/A,679.0
520,88,1,La Pista Roja,N/A,720.0
521,88,1,Parque de Galicia,"Calle Hermanos Pinzón, 2, 28937 Móstoles Comunidad de Madrid",787.0
522,88,1,Parque de las aventuras,N/A,828.0
523,88,1,Parque la Paz,"28938 Móstoles Comunidad de Madrid",852.0
524,88,1,Happy Land,"Cid Campeador, 7, 28935 Móstoles Comunidad de Madrid",874.0
525,88,1,Parque de los Planetas,"28933 Móstoles Comunidad de Madrid",945.0
526,88,1,Parque Constitución,N/A,1009.0
527,88,1,Parque Infantil Coronel Palma,Palma de Mallorca,1037.0
528,88,1,Parque Día del Agua,Móstoles Comunidad de Madrid,1050.0
529,88,1,Party Sport,"Calle Cámara de la Industria, 4, 28938 Móstoles Comunidad de Madrid",1105.0
530,88,1,Parque Infantil Levante,Móstoles Comunidad de Madrid,1174.0
531,88,1,Parque Arroyo del Soto,"Calle Pintor Sorolla, Móstoles",1179.0
532,88,1,Parque del Rancho,"28932 Móstoles Comunidad de Madrid",1185.0
533,88,1,El Rancho,"28932 Móstoles Comunidad de Madrid",1196.0
534,88,1,Parque Salvador Allende,N/A,1214.0
535,88,1,Parque Andalucía,Móstoles Comunidad de Madrid,1229.0
536,88,1,Parque Infantil la Onu,Móstoles Comunidad de Madrid,1232.0
537,88,1,Parque Arroyo del Santo,"28933 Móstoles Comunidad de Madrid",1253.0
538,88,1,Parque Levante,Alcorcón Comunidad de Madrid,1334.0
539,88,1,Juega Conmigo,"Río Júcar, s/n, 28935 Móstoles Comunidad de Madrid",1379.0
540,88,1,Parque Onu,Móstoles Comunidad de Madrid,1429.0
541,88,1,Fuente los Rosales,N/A,1434.0
542,88,1,Parque Rio Ebro / Rio Segura,"Rio duero, Móstoles Comunidad de Madrid",1590.0
543,88,1,Parque Prado Ovejero,"Calle de Jacinto, Móstoles Comunidad de Madrid",1605.0
544,88,1,Parque las Cumbres,N/A,1627.0
545,88,1,Parque Manuela Malasaña,Móstoles Comunidad de Madrid,1732.0
546,88,1,Parque Columpios,"28935 Móstoles Comunidad de Madrid",1747.0
547,88,1,Parque Fuentecisneros,"28922 Alcorcón Comunidad de Madrid",1867.0
548,88,1,Fernandez Pascual Eduardo,"Avenida de la Constitucion, 50, 28931 Móstoles Madrid",382.0
549,88,1,Princesas y Piratas,"Calle Salcillo, 11, 28932 Móstoles Madrid",1036.0
550,88,1,La Casita de Daman,"Nueva York, 36, 28938 Móstoles Madrid",1301.0
551,89,1,Parque Infantil,"Avenida de Madrid, 28491 Navacerrada Comunidad de Madrid",95.0
552,89,1,Pino Manolo,Navacerrada Comunidad de Madrid,354.0
553,89,1,Parque Muñoyerro,Navacerrada Comunidad de Madrid,474.0
554,89,1,Parque infantil,"Calle de Amanecer, 12, 28491 Navacerrada Comunidad de Madrid",580.0
555,91,1,Parque de la Iglesia,"Calle Ancha, Navalagamella Comunidad de Madrid",172.0
556,91,1,Parque del Hondillo,"Calle San Sebastian, 44, 28212 Navalagamella Comunidad de Madrid",289.0
557,91,1,Parque Paseo Mirador de la Iglesia,N/A,337.0
558,91,1,Parque el Romeral,Romeral,882.0
559,92,1,Parque Pozo Concejo,"28600 Navalcarnero Comunidad de Madrid",482.0
560,92,1,Parque de la Crispina,"28600 Navalcarnero Comunidad de Madrid",615.0
561,92,1,Parque de los Charcones,Navalcarnero Comunidad de Madrid,650.0
562,92,1,Parque los Pinos,"Calle Mieres, s/n, 28600 Navalcarnero Comunidad de Madrid",653.0
563,92,1,Parque de la Tirolina,"28600 Navalcarnero Comunidad de Madrid",700.0
564,92,1,Parque de el Señorio,"28600 Navalcarnero Comunidad de Madrid",752.0
565,92,1,Parque de los Tubos,Navalcarnero Comunidad de Madrid,785.0
566,92,1,Parque de San Jorge,"C/ Juan Ramón Jiménez, 28600 Navalcarnero Comunidad de Madrid",792.0
567,92,1,Parque de San Juan Bautista,"28600 Navalcarnero Comunidad de Madrid",1529.0
568,92,1,Parque Regional del Rio Guadarrama,Guadarrama Comunidad de Madrid,1639.0
569,92,2,La Casa de la Lonja,"Plazuela del Mercado, 18, 28600 Navalcarnero Madrid",139.0
570,94,1,El Tren de la Navidad,Fuenlabrada Comunidad de Madrid,449.0
571,98,1,Parque Infantil Nave Espacial,"28860 Paracuellos Comunidad de Madrid",298.0
572,98,1,Pinarillo AVM,"Avenida de Sombra de la Torre, 14, 28860 Paracuellos de Jarama Comunidad de Madrid",1122.0
573,98,1,Parque Infantil,"28860 Paracuellos de Jarama Comunidad de Madrid",1551.0
574,98,1,Canaima Park,Comunidad de Madrid,1699.0
575,99,1,Parque de la Ermita,"28981 Parla Comunidad de Madrid",568.0
576,99,1,Parque Vía de Ronda,Parla Comunidad de Madrid,610.0
577,99,1,Paseo Real,Principado de Asturias,635.0
578,99,1,Parque de la Garrapata,"C/ Mexico, 28980 Parla Comunidad de Madrid",642.0
579,99,1,parque de las Montañas,"28982  Comunidad de Madrid",748.0
580,99,1,Bichos,"Calle Toledo, 34, 28981 Parla Comunidad de Madrid",808.0
581,99,1,Rayuela,"Isaac Albéniz, 16, 28981 Parla Comunidad de Madrid",846.0
582,99,1,Paseo Marítimo Perruno,"28983 Parla Comunidad de Madrid",915.0
583,99,1,Parque de la Ballena,"Calle Real, s/n, Parla Comunidad de Madrid",1021.0
584,99,1,Nanitos y Pelusas,"Calle Icíar Bollaín, 3, 28981 Parla Comunidad de Madrid",1172.0
585,99,1,Parque Parla Este,Parla Comunidad de Madrid,1475.0
586,99,1,Parque del Universo,Madrid,1650.0
587,99,1,La Jungla Perdida,"Turin, s/n, 28983 Parla Comunidad de Madrid",1658.0
588,99,1,Parque de las primeras citas,N/A,1905.0
589,100,2,Patones de Arriba,Patones Madrid,1467.0
590,106,1,Parque Juan Carlos I,"Calle Pablo Picasso, s/n, 28320 Pinto Comunidad de Madrid",464.0
591,106,1,Plaza Ocho de Marzo,Comunidad de Madrid,302.0
592,106,1,Plaza de la Rábida,"Pza. de la Rábida, s/n, 28329 Pinto Comunidad de Madrid",327.0
593,106,1,Parque Municipal Nicolás Fuster,"Doce de Octubre, 28320 Pinto Comunidad de Madrid",474.0
594,106,1,Parque Exacta Pares,"28320 Pinto Comunidad de Madrid",710.0
595,106,1,Parque Norte,Comunidad de Madrid,866.0
596,106,1,Pequeteca,"Plaza David Martín, 1, 28320 Pinto Comunidad de Madrid",971.0
597,106,1,Pinto Pinto Gorgorito,"Calle Italia, 14, 28320 Pinto Comunidad de Madrid",1247.0
598,106,1,Parque del Cementerio,"28320 Pinto Comunidad de Madrid",1471.0
599,106,1,Parque Alcalde Gabriel Martín Santos,Pinto Comunidad de Madrid,1627.0
600,106,1,Parque Infantil Chichopark,"Salvador Dalí, 12, 28320 Pinto Madrid",364.0
601,106,1,Palmas Palmitas,"Calle Navarra, 4, 28320 Pinto Madrid",925.0
602,106,2,Torre de Pinto,"28320 Pinto Comunidad de Madrid",249.0
603,106,2,Pinto Pinto Gorgorito,"Calle Italia, 14, 28320 Pinto Comunidad de Madrid",1247.0
604,108,1,Parque de las Minas,"28224 Pozuelo de Alarcón Comunidad de Madrid",1652.0
605,108,1,Parque Prados de Torrejón,Pozuelo de Alarcón Comunidad de Madrid,1846.0
606,108,1,Parque la Gitana,Majadahonda Comunidad de Madrid,375.0
607,108,1,Santuario Nuestra Señora de Schoenstatt,Madrid,425.0
608,108,1,Parque el Pradillo,Pozuelo de Alarcón Comunidad de Madrid,594.0
609,108,1,Parque Cruz de la Atalaya,Atalaya,745.0
610,108,1,Parque Fuente de la Salud,Pozuelo de Alarcón Comunidad de Madrid,957.0
611,108,1,Parque Atenas,"28224 Pozuelo de Alarcón Comunidad de Madrid",967.0
612,108,1,Parque Europa,"Avenida de Europa, 1, 28224 Pozuelo de Alarcón Comunidad de Madrid",993.0
613,108,1,Parque Plaza de España,"Avenida de España, 10, 28224 Pozuelo de Alarcón Comunidad de Madrid",1008.0
614,108,1,Cerro Perdigones,Pozuelo de Alarcón Comunidad de Madrid,1066.0
615,108,1,Dog Run,"28224 Pozuelo de Alarcón Comunidad de Madrid",1196.0
616,108,1,Descampado Acacias,N/A,1363.0
617,108,1,Miracle Play,"Carretera Húmera, 92, 28224 Pozuelo de Alarcón Comunidad de Madrid",1417.0
618,108,1,Bule Avenue,N/A,1473.0
619,108,1,Circuito de Bicis y Patines Pozuelo,Pozuelo Comunidad de Madrid,1793.0
620,108,1,Playground,N/A,1909.0
621,108,1,Parque Cerro de los Perdigones,Pozuelo de Alarcón Madrid,1026.0
622,108,1,Parque de las Piedras,Pozuelo de Alarcón Madrid,1676.0
623,108,1,Parque del Dimante,Pozuelo de Alarcón Madrid,1873.0
624,108,2,Bandera España Pozuelo,"28224 Pozuelo de Alarcón Comunidad de Madrid",1716.0
625,113,1,Elfos Empresa de Servicios Pedagogicos,"Calle Santa Ana, 4, 28693 Quijorna Madrid",115.0
626,114,2,Túnel Ave San Pedro,"40194 Segovia Castilla y León",1827.0
627,114,2,Rascafria,Rascafría Madrid,58.0
628,115,2,Iglesia Parroquial de San Juan Bautista,Cabanillas de la Sierra Madrid,1825.0
629,117,1,Parque Bellavista,"Avda. Ramón y Cajal, 28522 Rivas-Vaciamadrid Comunidad de Madrid",456.0
630,117,1,Abracadabra Fiestas Infantiles,"Joaquin Sorolla, 6 (Avenida de la Técnica), 28522 Rivas-Vaciamadrid Comunidad de Madrid",1194.0
631,117,1,Parque para perros,"Capa negra, 28522 Rivas-Vaciamadrid Comunidad de Madrid",436.0
632,117,1,Parque,N/A,921.0
633,117,1,Parque Avda. de los Almendros,Almendros,1332.0
634,117,1,Parque Cerro del Telégrafo,"pilar bardem, Madrid Comunidad de Madrid",1337.0
635,117,1,Parque Ecopolis,N/A,1493.0
636,117,1,Centro de Recursos Ambientales Chico Mendes,"Calle del Enebro, 27, 28522 Rivas-Vaciamadrid Comunidad de Madrid",1557.0
637,117,1,Ludoteca Divertiteca,"Plaza del Monte Ciruelo, 2, 28523 Rivas-Vaciamadrid Comunidad de Madrid",1641.0
638,117,1,Lago CC H2Ocio,N/A,1822.0
639,117,1,Parque Asturias,Principado de Asturias,1974.0
640,117,1,Parque Canino Parque Asturias,Principado de Asturias,1976.0
641,117,1,Mahela,"28522 Rivas-Vaciamadrid Madrid",116.0
642,117,2,Cromadrid,"Carretilla, 3, 28522 Rivas-Vaciamadrid Madrid",1207.0
643,119,1,El Robledillo,Comunidad de Madrid,977.0
644,119,2,Semana Santa,"28013  Madrid",19.0
645,121,1,Parque París,Las Rozas Comunidad de Madrid,971.0
646,121,1,Pinar de las Rozas,Pinar Comunidad de Madrid,1983.0
647,121,1,Jardines del Arcipreste D. Abel Blanco,"Avenida de la Iglesia, 14, 28231 Las Rozas Comunidad de Madrid",241.0
648,121,1,Dog Run,"28230 Las Rozas Comunidad de Madrid",318.0
649,121,1,Lian Centro Infantil,"Calle Esperanza, 4, 28231 Las Rozas Comunidad de Madrid",367.0
650,121,1,Parque de Dublín,"28231 Las Rozas Comunidad de Madrid",384.0
651,121,1,Dog Run,"28231 Las Rozas Comunidad de Madrid",398.0
652,121,1,Parque Nueva Javeriana,"C/ de la Jabonería, 28231 Las Rozas Comunidad de Madrid",480.0
653,121,1,Parque Otero Besteiro,"Calle de la Comunidad de Castilla-la Mancha, 38-78, 28231 Las Rozas Comunidad de Madrid",557.0
654,121,1,Parque botanico,"28231 Las Rozas Comunidad de Madrid",631.0
655,121,1,Parque infantil P.Paris,N/A,641.0
656,121,1,Parque el Montecillo,N/A,673.0
657,121,1,Parque Piscis,"28231 Las Rozas Comunidad de Madrid",685.0
658,121,1,Dog Run,"28230 Las Rozas Comunidad de Madrid",748.0
659,121,1,Parque Mercedes Formica,Comunidad de Madrid,795.0
660,121,1,Parque de los Tubos de las Rozas,"28232 Las Rozas Comunidad de Madrid",797.0
661,121,1,Parque de Lisboa,"Calle Comunidad de Baleares, 1-7, 28231 Las Rozas Comunidad de Madrid",801.0
662,121,1,Parque Infantil Mercedes Formica,"Calle Mercedes Formica, s/n, 28232 Las Rozas Comunidad de Madrid",838.0
663,121,1,Dog Run,"28231 Las Rozas Comunidad de Madrid",1033.0
664,121,1,Parque de Bruselas,"28200 Majadahonda Comunidad de Madrid",1172.0
665,121,1,Dog Run,"28231 Las Rozas Comunidad de Madrid",1180.0
666,121,1,Parque Alejandra y Martina Salas,"Calle Tulipán, 6, 28231 Las Rozas Comunidad de Madrid",1206.0
667,121,1,Area Infantil,Las Rozas Comunidad de Madrid,1210.0
668,121,1,Parque del Dinosaurio,"Calle Clara Campoamor, s/n, 28232 Las Rozas Comunidad de Madrid",1275.0
669,121,1,Descampado Perros,N/A,1447.0
670,121,1,Pipican el Faro,N/A,1470.0
671,121,1,Animal party - fun4u,"Calle Dublín Polígono Industrial Európolis, 37 -b, 28232 Las Rozas Comunidad de Madrid",1576.0
672,121,1,Parque del Arcipreste,"28220 Majadahonda Comunidad de Madrid",1761.0
673,121,1,Sonrisas Centro de Ocio y Tiempo Libre Infantil y Juvenil,"Calle Dublín Polígono Industrial Európolis, 39, 28232 Las Rozas Comunidad de Madrid",1772.0
674,121,1,Parque del Cerro del Aire,"Avda. de España, 28220 Majadahonda Comunidad de Madrid",1787.0
675,121,1,Kids Play,"Mónaco, 36, 28230 Las Rozas de Madrid Madrid",1813.0
676,121,1,Estrella de la muerte,Estrella,1952.0
677,121,1,Parque Paris las Rozas,"28231  Madrid",771.0
678,121,1,Kids Play Parque Iinfantil,"Calle Mónaco Polígono Industrial Európolis, 36, 28232 Las Rozas de Madrid Madrid",1813.0
679,123,1,Diverarte,"28750 San Agustín del Guadalix Comunidad de Madrid",23.0
680,123,1,Parque Municipal,San Agustín del Guadalix Comunidad de Madrid,306.0
681,123,1,Parque de la Vega,N/A,537.0
682,123,1,Parque Lineal de San Agustín de Guadalix,San Agustín Comunidad de Madrid,658.0
683,124,1,Paseo de los Chopos,"28830 San Fernando de Henares Comunidad de Madrid",1319.0
684,124,1,Plaza de España,San Fernando de Henares Comunidad de Madrid,98.0
685,124,1,Plaza Primero de Mayo,"28830 San Fernando de Henares Comunidad de Madrid",404.0
686,124,1,Parque Pablo Neruda,N/A,418.0
687,124,1,Parque Monserat Roig,"Virgen Del Templo, 28830 San Fernando de Henares Comunidad de Madrid",525.0
688,124,1,Parque Dolores Ibárruri,"Av. San Sebastián, 28830 San Fernando de Henares Comunidad de Madrid",701.0
689,124,1,Parque Abogados de Atocha,N/A,817.0
690,124,1,parque Dulce Chacón,N/A,831.0
691,124,1,Parque el General,"Avenida de San Sebastián, 28830 San Fernando de Henares Comunidad de Madrid",899.0
692,124,1,Parque la Rambla,La Rambla,1027.0
693,124,1,Parque Salvador Allende,"C/ Colombia, 28823 Coslada Comunidad de Madrid",1034.0
694,124,1,Parque de el Cerro,"28822 Coslada Comunidad de Madrid",1221.0
695,124,1,Parque de las Casitas,"28822 Coslada Comunidad de Madrid",1708.0
696,124,1,Parque de Carlos Marx,"Calle de Miguel Hernández, 28822 Coslada Comunidad de Madrid",1709.0
697,124,1,Parque Pellas,"Calle Bucarest, 28822 Coslada Comunidad de Madrid",1841.0
698,124,1,El Parque,"Calle  de José Martí, 28822 Coslada Comunidad de Madrid",1962.0
699,124,3,Margin Capital,"Calle Soria, 14, 28830 San Fernando de Henares Comunidad de Madrid",793.0
700,125,1,Parque de la Herreria,El Escorial Comunidad de Madrid,944.0
701,125,1,Parque de los Romeros,"28200 El Escorial Comunidad de Madrid",302.0
702,125,1,Parque de Felipe II,"calle Infantes, 28200 El Escorial Comunidad de Madrid",351.0
703,125,1,Plaza Juan de Herrera,"28200 El Escorial Comunidad de Madrid",377.0
704,125,1,Arboleda Calzada Lonja Monasterio de el Escorial,"28200 El Escorial Comunidad de Madrid",393.0
705,125,1,Parque de Adolfo Suárez,"Paseo de los Alamillos, 28200 El Escorial Comunidad de Madrid",579.0
706,125,1,Parque la Ladera,El Escorial Comunidad de Madrid,787.0
707,125,1,Parque de los Columpios,"28280 El Escorial Comunidad de Madrid",1614.0
708,125,1,Manguilla,N/A,1738.0
709,125,1,Los Jardincillos,El Escorial Comunidad de Madrid,1754.0
710,125,1,Los Romeros,N/A,316.0
711,125,2,Casita del Infante,"Carretera Robledo, s/n, 28200 El Escorial Comunidad de Madrid",1227.0
712,125,2,Ermita de la Virgen de Gracia,"28200 El Escorial Comunidad de Madrid",1707.0
713,125,2,Jardín de los Frailes,"28200 San Lorenzo de el Escorial Madrid",188.0
714,125,2,Monasterio de el Escorial,"San Lorenzo de el Escorial, San Lorenzo de el Escorial, 28200 San Lorenzo de El Escorial Madrid",430.0
715,125,2,Estación de el Escorial,"28280 El Escorial Madrid",1490.0
716,126,1,Parque Tierno Galván,N/A,1372.0
717,127,1,El Bosque Encantado,"Camino de Marañones, 217, 28680 San Martín de Valdeiglesias Comunidad de Madrid",1695.0
718,127,1,Parque de la Estacion,N/A,335.0
719,127,4,Castillo de la Coracera,"Calle de la Cuesta del Castillo, 11, 28680 San Martín de Valdeiglesias Comunidad de Madrid",243.0
720,128,1,Parque Temático del Barco Pirata,Alcobendas Comunidad de Madrid,1188.0
721,128,1,Parque de la Dehesa,San Sebastián de los Reyes Comunidad de Madrid,1560.0
722,128,1,Jardín de la Vega,"Avenida Olímpica Con Una Superficie de 180.000, 28108 Alcobendas Comunidad de Madrid",1334.0
723,128,1,Parque de Andalucía,"28100 Alcobendas Comunidad de Madrid",1923.0
724,128,1,Parque de la Marina,"28703 San Sebastián de los Reyes Comunidad de Madrid",772.0
725,128,1,Parque,"Calle de Ramón Esteban, 30, 28701 Alcobendas Comunidad de Madrid",1040.0
726,128,1,Colorin,"Sacramento, 3, 28701 San Sebastián de los Reyes Comunidad de Madrid",378.0
727,128,1,Área Canina Av. Ramón y Cajal,"28700 San Sebastián de los Reyes Comunidad de Madrid",635.0
728,128,1,Parque de Valencia,"Avenida de España, s/n (c/ Bachiller Alonso López), 28100 Alcobendas Comunidad de Madrid",689.0
729,128,1,La Marina,"Avenida Cataluña, 4 Bajo, 28703 San Sebastián de los Reyes Comunidad de Madrid",701.0
730,128,1,Parque de las Sombras,San Sebastián de los Reyes Comunidad de Madrid,780.0
731,128,1,Parque del Zoco las Pirámides,Madrid,826.0
732,128,1,Club de Ajedrez V Centenario,San Sebastián de los Reyes Comunidad de Madrid,908.0
733,128,1,Parque de Murcia,Alcobendas Comunidad de Madrid,963.0
734,128,1,Parque Camilo Cienfuegos,"Jarama, Alcobendas Comunidad de Madrid",1010.0
735,128,1,Área Canina Parque Comunidad de Madrid,"c/ Jarama, 28100 Alcobendas Comunidad de Madrid",1037.0
736,128,1,Parque Comunidad de Madrid,Comunidad de Madrid,1042.0
737,128,1,Parque Infantil,N/A,1073.0
738,128,1,Área Canina Polideportivo,"C. Teresa Perales, 28100 Alcobendas Comunidad de Madrid",1093.0
739,128,1,Parque de la Artesanía,"Calle de Ramón Fernández Guisasola, 22, 28100 Alcobendas Comunidad de Madrid",1113.0
740,128,1,Parque,N/A,1298.0
741,128,1,Parque,N/A,1428.0
742,128,1,Deposite Aquí las Heces de Su Perro,N/A,1488.0
743,128,1,Cerro del Tambor,Cerro,1495.0
744,128,1,Área Canina Parque Arroyo de la Vega,"Av. de la Ermita, 28100 Alcobendas Comunidad de Madrid",1511.0
745,128,1,Parque Av Valdelasfuentes,San Sebastián de los Reyes Comunidad de Madrid,1548.0
746,128,1,Parque Victimas del Terrorismo,Comunidad de Madrid,1554.0
747,128,1,Colorín Colorado,"Paseo Maria Maeztu, 4, 28707 San Sebastián de los Reyes Comunidad de Madrid",1573.0
819,140,1,pipican Parque Nuevo,N/A,1846.0
748,128,1,Parque Infantil y Ping Pong,"Maestro Luna, s/n, 28100 Alcobendas Comunidad de Madrid",1576.0
749,128,1,Área Canina Parque Navarra,"Calle Marqués de la Valdavia, 90 (Av. de España), 28100 Alcobendas Comunidad de Madrid",1614.0
750,128,1,Área Canina Parque de Navarra,"Calle Marqués de la Valdavia, 90, 28100 Alcobendas Comunidad de Madrid",1620.0
751,128,1,Parque navarra,"28100 Alcobendas Comunidad de Madrid",1645.0
752,128,1,Parque de Extremadura,Alcobendas Comunidad de Madrid,1653.0
753,128,1,Parque de la universidad,"28100 Alcobendas Comunidad de Madrid",1655.0
754,128,1,Área Canina Pq. Valconejero,"Bulevar del Manzanares, 28701 San Sebastián de los Reyes Comunidad de Madrid",1673.0
755,128,1,Área Canina Parque Víctimas del Terrorismo,"c/ Pintor Velázquez, 28100 Alcobendas Comunidad de Madrid",1701.0
756,128,1,Parque arroyo Valconejero,"Paseo Albacete, s/n, 28701 San Sebastián de los Reyes Comunidad de Madrid",1740.0
757,128,1,Parque Dehesa Vieja,"Avda. Quiñones, 28702 San Sebastián de los Reyes Comunidad de Madrid",1776.0
758,128,1,Área canina Parque Andalucía,"Pintor Murillo, 14, 28100 Alcobendas Comunidad de Madrid",1791.0
759,128,1,Área Canina Pq. Valconejero 2,"28702 San Sebastián de los Reyes Comunidad de Madrid",1822.0
760,128,1,Parque de Perros,"Calle de María Moliner, 2A, 28702 San Sebastián de los Reyes Comunidad de Madrid",1834.0
761,128,1,Parque de Perros SanSe,San Sebastián de los Reyes Comunidad de Madrid,1847.0
762,128,1,Recinto Ferial Alcobendas,"Huelva, s/n (Parque de Andalucía), 28100 Alcobendas Comunidad de Madrid",1918.0
763,128,1,Área Canina Parque Castilla la Mancha,"c/ Pintor Murillo, 28100 Alcobendas Comunidad de Madrid",1959.0
764,128,1,Área Canina Clara Campoamor,"Av. de Quiñones, 28700 San Sebastián de los Reyes Comunidad de Madrid",1963.0
765,128,1,Parque de la Marina,"28700  Madrid",655.0
766,128,1,Parque de Félix Rodríguez de la Fuente,Alcobendas Madrid,981.0
767,128,1,Conservera Bromar,"Avenida Antonio Machado, 81, 28700 San Sebastián de los Reyes Madrid",1251.0
768,128,1,Parque de las Cepas,Madrid,1569.0
769,128,2,Monumento a los Reyes Católicos,"Calle de San Onofre, San Sebastián de los Reyes Madrid",504.0
770,128,2,Parroquia de Nuestra Señora de la Moraleja,"Calle de Nardo, 44, 28108 Alcobendas Madrid",1977.0
771,128,10,FORMATO A6 Soluciones Graficas,"Avenida de Somosierra, 12, nave 33, 28703 San Sebastián de los Reyes Comunidad de Madrid",970.0
772,128,3,Antena 3 Televisión,"Avenida Isla Graciosa, s/n, 28700 San Sebastián de los Reyes Comunidad de Madrid",1430.0
773,128,3,Atresmedia,"Avenida Isla Graciosa, 13, 28703 San Sebastián de los Reyes Comunidad de Madrid",1361.0
774,128,3,I3 Television,"Calle Isla de Graciosa, 13, 28703 San Sebastián de los Reyes Comunidad de Madrid",1284.0
775,128,3,Digi24,"Calle de Anabel Segura, 14, Alcobendas Comunidad de Madrid",1556.0
776,128,3,La Sexta,"Avenida Isla Graciosa, 13, 28703 San Sebastián de los Reyes Madrid",1267.0
777,128,3,Antena 3 Televisión,"Isla Fuerteventura, 12, 28700 San Sebastián de los Reyes Madrid",1291.0
778,128,3,Uniprex Valencia Tv,"Fuerteventura, 12, 28703 San Sebastián de los Reyes Madrid",1298.0
779,131,1,Mirador de la Alcarria,"28817 Los Santos de la Humosa Comunidad de Madrid",566.0
780,132,2,Ayuntamiento Braojos de la Sierra,Braojos Madrid,1735.0
781,133,1,Club Agility ESLON,Serranillos del Valle Comunidad de Madrid,1557.0
782,134,1,Parque de Baena,"Juan De Herrwra, Sevilla la Nueva Comunidad de Madrid",174.0
783,134,1,Parque Antón Sevillano,"28609 Sevilla la Nueva Comunidad de Madrid",400.0
784,134,1,Parque el Olivar,"28609 Sevilla la Nueva Comunidad de Madrid",411.0
785,134,2,Plaza Mayor de Brunete,Brunete Madrid,133.0
786,136,1,Parque del Rio,Comunidad de Madrid,219.0
787,136,1,Zoco Real,Comunidad de Madrid,318.0
788,136,1,Parque de los burdiales “Un Clásico”,N/A,912.0
789,136,1,Parque infantil Prado de la Iglesia,N/A,1312.0
790,137,1,La Chopera,"28100 Talamanca de Jarama Comunidad de Madrid",1045.0
791,137,2,Iglesia de San Juan Bautista,La Toba Guadalajara,211.0
792,140,1,Parque ferrocarril,"Avenida de la Costituccion N86, Torrejón de Ardoz Comunidad de Madrid",453.0
793,140,1,Parque del Agua,"28850 Torrejón de Ardoz Comunidad de Madrid",556.0
794,140,1,El Gran Parque,N/A,556.0
795,140,1,Parque San Isidro,San Isidro Madrid,556.0
796,140,1,Parque Veredillas,"28850 Torrejón de Ardoz Comunidad de Madrid",561.0
797,140,1,Parque 11 de Marzo,"Avenida Madrid, 1 (Avenida Virgen de Loreto), Torrejón de Ardoz Comunidad de Madrid",621.0
798,140,1,Parque del Norte,N/A,705.0
799,140,1,Parque Félix Rodríguez de la Fuente,Comunidad de Madrid,978.0
800,140,1,Parque Paseo de la Chopera,N/A,1023.0
801,140,1,Parque Girasol,"28850 Torrejón de Ardoz Comunidad de Madrid",1121.0
802,140,1,Rio Ebro,"28850 Torrejón de Ardoz Comunidad de Madrid",1142.0
803,140,1,Columpios del Parque de los Patos,N/A,1150.0
804,140,1,Parque de los Patos,"Avenida de Madrid, 17, 28850 Torrejón de Ardoz Comunidad de Madrid",1208.0
805,140,1,Parque Maycas,Comunidad de Madrid,1248.0
806,140,1,Parque Rosario,"28850 Torrejón de Ardoz Comunidad de Madrid",1312.0
807,140,1,Parque Madrid,Madrid Comunidad de Madrid,1316.0
808,140,1,Columpios Tras Bar Milan,N/A,1342.0
809,140,1,parque Budapest,N/A,1392.0
810,140,1,Parque Grande,"28850 Torrejón de Ardoz Comunidad de Madrid",1506.0
811,140,1,Parque Plaza del Progreso,Torrejón de Ardoz Comunidad de Madrid,1508.0
812,140,1,Parque Sur,"28850 Torrejón de Ardoz Comunidad de Madrid",1513.0
813,140,1,Parque del Arte,"28850 Torrejón de Ardoz Comunidad de Madrid",1529.0
814,140,1,Parque de los Fresnos,"Zeus, Torrejón de Ardoz Comunidad de Madrid",1530.0
815,140,1,Parque 'la Pradera,"28850  Comunidad de Madrid",1544.0
816,140,1,Parque Alcatel,Torrejón de Ardoz Comunidad de Madrid,1600.0
817,140,1,Parque los Juncales,Torrejón de Ardoz Comunidad de Madrid,1622.0
818,140,1,Parque de las Estrellas,Madrid,1825.0
820,140,1,Parque Residencial Torrejón,"28850 Torrejón de Ardoz Comunidad de Madrid",1962.0
821,140,1,Parque los Fresnos,Torrejón de Ardoz Madrid,1543.0
822,141,1,Airsoft el Cortijo,Comunidad de Madrid,1547.0
823,142,1,Área Infantil,"Calle Francisco Alonso, 28990 Torrejón de Velasco Comunidad de Madrid",321.0
824,142,1,Parque Provincias,"Calle Cuenca, 28990 Torrejón de Velasco Comunidad de Madrid",326.0
825,144,1,Parque JH,N/A,233.0
826,144,1,Parque Pradogrande,N/A,1844.0
827,144,1,Prado Grande,Prado Madrid,1980.0
828,145,2,Torremocha del Jarama,"Carretera M- de Torremocha a Uceda, s/n, 28189 Torremocha de Jarama Comunidad de Madrid",237.0
829,147,1,Parque Central,"28760 Tres Cantos Comunidad de Madrid",244.0
830,147,1,Parque Antonio López,"28760 Tres Cantos Comunidad de Madrid",542.0
831,147,1,Parque Infantil Literatos 1,"Sector de los Literatos, 28, 28760 Tres Cantos Comunidad de Madrid",606.0
832,147,1,Parque Central Tres Cantos,Tres Cantos Comunidad de Madrid,666.0
833,147,1,Bike Park Tres Cantos,Tres Cantos Comunidad de Madrid,676.0
834,147,1,Parque infantil del castillo,N/A,722.0
835,147,1,Parque Infantil Descubridores 1,N/A,768.0
836,147,1,Parque Infantil Pza Constitucion,Tres Cantos Comunidad de Madrid,786.0
837,147,1,Palmera Saharaui,"Avda del Parque, 28760 Tres Cantos Comunidad de Madrid",865.0
838,147,1,Parque Infantil Artesanos 2,"Artesanos, 64, Tres Cantos Comunidad de Madrid",1009.0
839,147,1,Embarcaciones,Comunidad de Madrid,1011.0
840,147,1,Parque Infantil Embarcaciones 4,Tres Cantos Comunidad de Madrid,1038.0
841,147,1,El caballito de Laura,"Calle del Fuego, 1, 28770 Tres Cantos Comunidad de Madrid",1223.0
842,147,1,Parque,N/A,1368.0
843,147,1,Parque de las Siete Leguas,Comunidad de Madrid,1484.0
844,147,1,Mini Parque,"Calle del Tagarral, 10, 28760 Tres Cantos Comunidad de Madrid",1531.0
845,147,1,Parque Sector Islas,N/A,1540.0
846,147,1,Parque Infantil,N/A,1554.0
847,147,1,Parque de los Alcornocales,Comunidad de Madrid,1926.0
848,147,2,Castillo de Soto de Vinuelas,Tres Cantos Comunidad de Madrid,1597.0
849,147,2,ACTION LIVE Tres Cantos,Tres Cantos Madrid,577.0
850,147,2,Plaza de la Estación,"28760 Tres Cantos Madrid",1085.0
851,147,3,Movistar,Tres Cantos Comunidad de Madrid,1113.0
852,147,3,Dts Distribuidora de Television Digital,"Avenida Artesanos, 6, 28760 Tres Cantos Comunidad de Madrid",1125.0
853,147,3,Canal Satelite Digital,"Avenida Artesanos, 6, 28760 Tres Cantos Madrid",1106.0
854,152,2,Puente Mocha,Valdemaqueda Madrid,1002.0
855,153,2,Plaza de toros la Candelaria Valdemorillo,"28210 Valdemorillo Comunidad de Madrid",445.0
856,154,1,Los Lagos,Valdemoro Comunidad de Madrid,1148.0
857,154,1,Parque Enrique Tierno Galván,Valdemoro Comunidad de Madrid,487.0
858,154,1,Parque Forestal Cerro del Castillo,"28343 Valdemoro Comunidad de Madrid",580.0
859,154,1,Parque Nuestra Señora de Monserrat,"Paseo de la estacion, 28340 Valdemoro Comunidad de Madrid",626.0
860,154,1,Parque de Extremadura,N/A,628.0
861,154,1,Parque Enrique Tierno Galván,Comunidad de Madrid,641.0
862,154,1,Parque Perros Agility,N/A,793.0
863,154,1,Parque Duque de Ahumada,"Calle Libertad Numero, 1, 28040 Valdemoro Comunidad de Madrid",794.0
864,154,1,Parque Infantil Hojarasca,N/A,870.0
865,154,1,Parque de las Sombras,N/A,872.0
866,154,1,Parque de las Víctimas del Terrorismo,"28340 Valdemoro Comunidad de Madrid",1002.0
867,154,1,Parque de los Olivos,N/A,1111.0
868,154,1,Parque España,Valdemoro Comunidad de Madrid,1126.0
869,154,1,Parque Bolitas del Airón,"Paseo del Prado, s/n, 28343 Valdemoro Comunidad de Madrid",1141.0
870,154,1,Parque de las Eras,Valdemoro Comunidad de Madrid,1424.0
871,154,1,Guanta,"28341 Valdemoro Comunidad de Madrid",1577.0
872,154,1,Parque Adolfo Suárez,"Antonio Van de Per, 28342 Valdemoro Comunidad de Madrid",1673.0
873,154,1,Playground,N/A,1676.0
874,154,1,Avd. del Mar Adriatico,N/A,1996.0
875,154,1,Parque de las Eras,N/A,1027.0
876,154,1,Ludoteca Chia Junior,"Avenida Hispanoamérica, 50, 28341 Valdemoro Madrid",1528.0
877,154,1,Actilud Infantiles,"Avenida Hispano América, 50, 28341 Valdemoro Madrid",1528.0
878,159,1,Parque de la Hontanilla,"28810 Villalbilla Comunidad de Madrid",1598.0
879,165,1,Parque de la Hontanilla,"28810 Villalbilla Comunidad de Madrid",321.0
880,166,1,Parque Fluvial Villamanrique de Tajo,"28598 Villamanrique de Tajo Comunidad de Madrid",327.0
881,169,1,Arevalo's Park,Arévalo,577.0
882,169,1,Pinar de la Cañada,Cañada,739.0
883,169,1,El Parque del Verano,"28691 Villanueva de la Cañada Comunidad de Madrid",789.0
884,169,1,Parque Infantil Avda Metepec,"Avenida Metepec 2B, 28691 Villanueva de la Cañada Comunidad de Madrid",803.0
885,169,1,Parque del Heiser,N/A,857.0
886,169,1,Parque Infantil,"Avenida De Castilla yLeón, 28691 Villanueva de la Cañada Comunidad de Madrid",1280.0
887,169,2,Complejo Deportivo Santiago Apóstol,"Avenida Polideportivo, s/n, 28691 Villanueva de la Cañada Comunidad de Madrid",985.0
888,169,2,Centro Deportivo San Isidro,Villanueva de la Cañada,809.0
889,169,2,Piscina Cubierta Municipal,Villanueva de la Cañada Córdoba,962.0
890,170,1,Fiestas de Villanueva del Pardillo,N/A,337.0
891,170,1,Ocio Infantil,"Gral. Mola, 13, 28229 Villanueva del Pardillo Comunidad de Madrid",582.0
892,170,1,Parque de al Lado del Rio,Comunidad de Madrid,596.0
893,170,1,Parque Antonio Machado,Villanueva del Pardillo Comunidad de Madrid,599.0
894,170,1,Parque del Reloj,"Avda. De Madrid, Villanueva del Pardillo Comunidad de Madrid",695.0
895,170,1,Parque de la Tirolina,"28229 Villanueva del Pardillo Comunidad de Madrid",1339.0
896,173,1,Parque Infantil,"c/ Viso, 28590 Villarejo de Salvanés Comunidad de Madrid",526.0
897,174,1,Mi Mundo,"Avenida de las Nieves, 35, 28935 Móstoles Comunidad de Madrid",1747.0
898,174,1,Parque de las Margaritas,N/A,350.0
899,174,1,Pinar del Castillo,Pinar,422.0
900,174,1,Parque Vicente Ferrer,N/A,710.0
901,174,1,Parque Antonio Machado,"28670 Villaviciosa de Odón Comunidad de Madrid",792.0
902,174,1,Parque Vaillo,Villaviciosa de Odón Comunidad de Madrid,836.0
903,174,1,Matadero de Villaviciosa CQB ARISOFT,"28670 Villaviciosa de Odón Comunidad de Madrid",1043.0
904,174,1,Parque del Castillo,"Avenida del Castillo, 28670 Villaviciosa de Odón Comunidad de Madrid",1626.0
905,174,2,Discoteca Doblón,"Avenida Principe de Asturias, 94, Villaviciosa de Odón Madrid",747.0
906,176,1,Pinar Zarzalejo,Pinar,1577.0
907,176,1,Parque Pedro Rodríguez-Ponga,"Avenida de la Estación, 45, Zarzalejo Comunidad de Madrid",1803.0
